GROUP,PACKAGE,CLASS,INSTRUCTION_MISSED,INSTRUCTION_COVERED,BRANCH_MISSED,BRANCH_COVERED,LINE_MISSED,LINE_COVERED,COMPLEXITY_MISSED,COMPLEXITY_COVERED,METHOD_MISSED,METHOD_COVERED
Timesheet-spring-boot-core-data-jpa-mvc-REST-1,tn.esprit.spring.controller,IControllerTimesheetImpl,44,0,0,0,11,0,7,0,7,0
Timesheet-spring-boot-core-data-jpa-mvc-REST-1,tn.esprit.spring.controller,IControllerEmployeImpl,103,0,0,0,29,0,19,0,19,0
Timesheet-spring-boot-core-data-jpa-mvc-REST-1,tn.esprit.spring.controller,RestControlEntreprise,42,0,0,0,12,0,8,0,8,0
Timesheet-spring-boot-core-data-jpa-mvc-REST-1,tn.esprit.spring.controller,IControllerEntrepriseImpl,42,0,0,0,12,0,8,0,8,0
Timesheet-spring-boot-core-data-jpa-mvc-REST-1,tn.esprit.spring.controller,RestControlTimesheet,44,0,0,0,11,0,7,0,7,0
Timesheet-spring-boot-core-data-jpa-mvc-REST-1,tn.esprit.spring.controller,RestControlEmploye,107,0,0,0,30,0,19,0,19,0
Timesheet-spring-boot-core-data-jpa-mvc-REST-1,tn.esprit.spring,ServletInitializer,12,0,0,0,2,0,2,0,2,0
Timesheet-spring-boot-core-data-jpa-mvc-REST-1,tn.esprit.spring,TimesheetSpringBootCoreDataJpaMvcRest1Application,8,0,0,0,3,0,2,0,2,0
Timesheet-spring-boot-core-data-jpa-mvc-REST-1,tn.esprit.spring.services,EmployeServiceImpl,259,0,8,0,52,0,23,0,19,0
Timesheet-spring-boot-core-data-jpa-mvc-REST-1,tn.esprit.spring.services,TimesheetServiceImpl,183,0,8,0,43,0,12,0,8,0
Timesheet-spring-boot-core-data-jpa-mvc-REST-1,tn.esprit.spring.services,EntrepriseServiceImpl,121,0,2,0,21,0,9,0,8,0
Timesheet-spring-boot-core-data-jpa-mvc-REST-1,tn.esprit.spring.entities,Contrat,38,12,0,0,17,5,11,1,11,1
Timesheet-spring-boot-core-data-jpa-mvc-REST-1,tn.esprit.spring.entities,Employe,84,0,0,0,36,0,20,0,20,0
Timesheet-spring-boot-core-data-jpa-mvc-REST-1,tn.esprit.spring.entities,Timesheet,31,0,0,0,13,0,9,0,9,0
Timesheet-spring-boot-core-data-jpa-mvc-REST-1,tn.esprit.spring.entities,TimesheetPK,46,0,0,0,20,0,10,0,10,0
Timesheet-spring-boot-core-data-jpa-mvc-REST-1,tn.esprit.spring.entities,Role,44,0,0,0,2,0,1,0,1,0
Timesheet-spring-boot-core-data-jpa-mvc-REST-1,tn.esprit.spring.entities,MissionExterne,28,0,0,0,12,0,6,0,6,0
Timesheet-spring-boot-core-data-jpa-mvc-REST-1,tn.esprit.spring.entities,Entreprise,59,0,0,0,22,0,11,0,11,0
Timesheet-spring-boot-core-data-jpa-mvc-REST-1,tn.esprit.spring.entities,Departement,44,0,0,0,20,0,12,0,12,0
Timesheet-spring-boot-core-data-jpa-mvc-REST-1,tn.esprit.spring.entities,Mission,47,0,0,0,21,0,12,0,12,0
